<?xml version="1.0"?>
<config xmlns:xsi="http://www.w3.org/2001/XMLSchema-instance" xsi:noNamespaceSchemaLocation="urn:magento:framework:ObjectManager/etc/config.xsd">
    <type name="Magento\Framework\App\RouterList">
        <arguments>
            <argument name="routerList" xsi:type="array">
                <item name="community" xsi:type="array">
                    <item name="class" xsi:type="string">Careshop\CommunityIdea\Controller\Router</item>
                    <item name="disable" xsi:type="boolean">false</item>
                    <item name="sortOrder" xsi:type="string">60</item>
                </item>
            </argument>
        </arguments>
    </type>
    <type name="Magento\Framework\View\Element\Html\Links">
        <plugin name="community-customer-nav" type="Careshop\CommunityIdea\Plugin\Customer\LinkMenu"/>
    </type>
</config>
