<?xml version="1.0"?>
<routes xmlns:xsi="http://www.w3.org/2001/XMLSchema-instance"
        xsi:noNamespaceSchemaLocation="urn:magento:module:Magento_Webapi:etc/webapi.xsd">
    <route url="/V1/dpd/pickup-points" method="GET">
        <service class="AdeoWeb\Dpd\Api\PickupPointManagementInterface" method="getList"/>
        <resources>
            <resource ref="anonymous" />
        </resources>
    </route>
    <route url="/V1/dpd/delivery-time" method="POST">
        <service class="AdeoWeb\Dpd\Api\DeliveryTimeManagementInterface" method="calculate"/>
        <resources>
            <resource ref="anonymous" />
        </resources>
    </route>
</routes>