<?xml version="1.0"?>
<ruleset name="AdeoWeb">
    <rule ref="./vendor/magento/magento-coding-standard/Magento2/ruleset.xml"/>

    <file>./Api</file>
    <file>./Block</file>
    <file>./Config</file>
    <file>./Console/</file>
    <file>./Controller</file>
    <file>./Cron</file>
    <file>./Helper</file>
    <file>./Logger</file>
    <file>./Model</file>
    <file>./Observer</file>
    <file>./Plugin</file>
    <file>./Setup</file>
    <file>./Ui</file>
    <file>./view</file>
    <file>./i18n</file>
</ruleset>
